Workbook

Sheet DynamicReport
B2: STUDENT DAILY ATTENDANCE SHEET Semester :Spring 2024 Course Title :PROGRAMMING LANGUAGE I Course ID : CSE110 Section : 01 Faculty :Md. Sabbir Ahmed (SBB)
B3: SL | C3: ID | D3: Name | E3: Gsuite Email | F3: 45312 | G3: 45314 | H3: 45319 | I3: 45321 | J3: 45326 | K3: 45328 | L3: 45333 | M3: 45335 | N3: 45340 | O3: 45342 | P3: 45347 | Q3: 45349 | R3: 45354 | S3: 45356 | T3: 45370 | U3: 45375 | V3: 45382 | W3: 45384 | X3: 45398 | Y3: 45405 | Z3: 45410 | AA3: 45412 | AB3: Total Absent
B4: 1 | C4: 21301748 | D4: FAISAL AHMED FAHIM | E4: =IFERROR(VLOOKUP(C4, Info!C:I, 3, FALSE), "Gsuite Not Found") -> faisal.ahmed.fahim@g.bracu.ac.bd | F4: 1 | G4: 1 | H4: 0 | I4: 1 | J4: 0 | K4: 0 | L4: 0 | M4: 1 | O4: 0 | P4: 0 | Q4: 0 | T4: 0 | U4: 0 | V4: 0 | W4: 0 | X4: 0 | Y4: 0 | Z4: 0 | AA4: 0
B5: 2 | C5: 23201594 | D5: RATUL HASAN SHUVO | E5: =IFERROR(VLOOKUP(C5, Info!C:I, 3, FALSE), "Gsuite Not Found") -> ratul.hasan.shuvo@g.bracu.ac.bd | F5: 1 | G5: 1 | H5: 1 | I5: 1 | J5: 1 | K5: 1 | L5: 1 | M5: 1 | O5: 0 | P5: 1 | Q5: 1 | T5: 1 | U5: 1 | V5: 0 | W5: 0 | X5: 1 | Y5: 1 | Z5: 1 | AA5: 1
B6: 3 | C6: 24101020 | D6: TASFIQUL ISLAM TARIF | E6: =IFERROR(VLOOKUP(C6, Info!C:I, 3, FALSE), "Gsuite Not Found") -> tasfiqul.islam.tarif@g.bracu.ac.bd | F6: 1 | G6: 1 | H6: 1 | I6: 1 | J6: 1 | K6: 1 | L6: 1 | M6: 1 | O6: 1 | P6: 1 | Q6: 1 | T6: 0 | U6: 1 | V6: 1 | W6: 0 | X6: 0 | Y6: 1 | Z6: 1 | AA6: 1
B7: 4 | C7: 24101022 | D7: NUSAIBA NUSRAT ZAMAN | E7: =IFERROR(VLOOKUP(C7, Info!C:I, 3, FALSE), "Gsuite Not Found") -> nusaiba.nusrat.zaman@g.bracu.ac.bd | F7: 1 | G7: 1 | H7: 1 | I7: 1 | J7: 1 | K7: 1 | L7: 1 | M7: 0 | O7: 1 | P7: 0 | Q7: 1 | T7: 1 | U7: 1 | V7: 1 | W7: 0 | X7: 0 | Y7: 0 | Z7: 0 | AA7: 0
B8: 5 | C8: 24101025 | D8: MD. ADIL AHANAF SHAWCHO | E8: =IFERROR(VLOOKUP(C8, Info!C:I, 3, FALSE), "Gsuite Not Found") -> adil.ahanaf.shawcho@g.bracu.ac.bd | F8: 1 | G8: 1 | H8: 1 | I8: 1 | J8: 1 | K8: 1 | L8: 1 | M8: 1 | O8: 1 | P8: 1 | Q8: 1 | T8: 0 | U8: 1 | V8: 1 | W8: 1 | X8: 1 | Y8: 1 | Z8: 1 | AA8: 1
B9: 6 | C9: 24101026 | D9: TADLINE KABIR | E9: =IFERROR(VLOOKUP(C9, Info!C:I, 3, FALSE), "Gsuite Not Found") -> tadline.kabir@g.bracu.ac.bd | F9: 1 | G9: 1 | H9: 1 | I9: 1 | J9: 1 | K9: 1 | L9: 1 | M9: 1 | O9: 1 | P9: 0 | Q9: 0 | T9: 1 | U9: 1 | V9: 1 | W9: 1 | X9: 0 | Y9: 1 | Z9: 1 | AA9: 1
B10: 7 | C10: 24101028 | D10: RIDWANUR RAHMAN SAAD | E10: =IFERROR(VLOOKUP(C10, Info!C:I, 3, FALSE), "Gsuite Not Found") -> ridwanur.rahman.saad@g.bracu.ac.bd | F10: 1 | G10: 1 | H10: 1 | I10: 1 | J10: 1 | K10: 1 | L10: 1 | M10: 0 | O10: 0 | P10: 0 | Q10: 0 | T10: 0 | U10: 0
B11: 8 | C11: 24101042 | D11: SADIA RAHMAN SUPTY | E11: =IFERROR(VLOOKUP(C11, Info!C:I, 3, FALSE), "Gsuite Not Found") -> sadia.rahman.supty@g.bracu.ac.bd | F11: 1 | G11: 1 | H11: 1 | I11: 1 | J11: 1 | K11: 1 | L11: 1 | M11: 1 | O11: 1 | P11: 1 | Q11: 1 | T11: 1 | U11: 1 | V11: 1 | W11: 1 | X11: 1 | Y11: 1 | Z11: 1 | AA11: 1
B12: 9 | C12: 24101043 | D12: MD ABU NOMAN KABBO | E12: =IFERROR(VLOOKUP(C12, Info!C:I, 3, FALSE), "Gsuite Not Found") -> abu.noman.kabbo@g.bracu.ac.bd | F12: 1 | G12: 1 | H12: 1 | I12: 1 | J12: 1 | K12: 1 | L12: 1 | M12: 1 | O12: 1 | P12: 1 | Q12: 1 | T12: 1 | U12: 1 | V12: 1 | W12: 1 | X12: 1 | Y12: 1 | Z12: 1 | AA12: 1
B13: 10 | C13: 24101045 | D13: SHABNOOM TAYAMMUM | E13: =IFERROR(VLOOKUP(C13, Info!C:I, 3, FALSE), "Gsuite Not Found") -> shabnoom.tayammum@g.bracu.ac.bd | F13: 1 | G13: 1 | H13: 1 | I13: 1 | J13: 1 | K13: 1 | L13: 1 | M13: 1 | O13: 1 | P13: 1 | Q13: 1 | T13: 1 | U13: 1 | V13: 1 | W13: 1 | X13: 1 | Y13: 1 | Z13: 1 | AA13: 1
B14: 11 | C14: 24101046 | D14: MD. FAISAL ISLAM CHOWDHURY | E14: =IFERROR(VLOOKUP(C14, Info!C:I, 3, FALSE), "Gsuite Not Found") -> faisal.islam.chowdhury@g.bracu.ac.bd | F14: 1 | G14: 1 | H14: 1 | I14: 1 | J14: 1 | K14: 1 | L14: 1 | M14: 1 | O14: 1 | P14: 1 | Q14: 1 | T14: 1 | U14: 1 | V14: 1 | W14: 0 | X14: 0 | Y14: 0 | Z14: 0 | AA14: 0
B15: 12 | C15: 24101048 | D15: TANHA AHMED | E15: =IFERROR(VLOOKUP(C15, Info!C:I, 3, FALSE), "Gsuite Not Found") -> tanha.ahmed@g.bracu.ac.bd | F15: 1 | G15: 0 | H15: 1 | I15: 1 | J15: 1 | K15: 1 | L15: 1 | M15: 1 | O15: 1 | P15: 1 | Q15: 1 | T15: 0 | U15: 0 | V15: 0 | W15: 0 | X15: 0 | Y15: 0 | Z15: 0 | AA15: 0
B16: 13 | C16: 24101050 | D16: MAIMONA AKTER SARA | E16: =IFERROR(VLOOKUP(C16, Info!C:I, 3, FALSE), "Gsuite Not Found") -> maimona.akter.sara@g.bracu.ac.bd | F16: 1 | G16: 1 | H16: 1 | I16: 1 | J16: 1 | K16: 1 | L16: 1 | M16: 1 | O16: 1 | P16: 1 | Q16: 1 | T16: 1 | U16: 1 | V16: 0 | W16: 1 | X16: 1 | Y16: 1 | Z16: 1 | AA16: 1
B17: 14 | C17: 24101051 | D17: MD.ABID HASAN | E17: =IFERROR(VLOOKUP(C17, Info!C:I, 3, FALSE), "Gsuite Not Found") -> md.abid.hasan5@g.bracu.ac.bd | F17: 1 | G17: 1 | H17: 1 | I17: 1 | J17: 1 | K17: 1 | L17: 1 | M17: 1 | O17: 1 | P17: 1 | Q17: 1 | T17: 1 | U17: 1 | V17: 1 | W17: 1 | X17: 0 | Y17: 1 | Z17: 1 | AA17: 0
B18: 15 | C18: 24101053 | D18: ZAFRIN ZAMAN | E18: =IFERROR(VLOOKUP(C18, Info!C:I, 3, FALSE), "Gsuite Not Found") -> zafrin.zaman@g.bracu.ac.bd | F18: 1 | G18: 1 | H18: 1 | I18: 1 | J18: 1 | K18: 1 | L18: 1 | M18: 1 | O18: 1 | P18: 0 | Q18: 1 | T18: 1 | U18: 1 | V18: 1 | W18: 1 | X18: 1 | Y18: 1 | Z18: 1 | AA18: 1
B19: 16 | C19: 24101095 | D19: SADIA AHMED RAISA | E19: =IFERROR(VLOOKUP(C19, Info!C:I, 3, FALSE), "Gsuite Not Found") -> sadia.ahmed.raisa@g.bracu.ac.bd | F19: 1 | G19: 1 | H19: 1 | I19: 1 | J19: 1 | K19: 1 | L19: 1 | M19: 1 | O19: 1 | P19: 1 | Q19: 1 | T19: 1 | U19: 1 | V19: 1 | W19: 0 | X19: 1 | Y19: 1 | Z19: 1 | AA19: 1
B20: 17 | C20: 24101096 | D20: MD. ATIQUE-UR-RAHMAN BHUIYAN | E20: =IFERROR(VLOOKUP(C20, Info!C:I, 3, FALSE), "Gsuite Not Found") -> atique.ur.rahman@g.bracu.ac.bd | F20: 1 | G20: 1 | H20: 1 | I20: 1 | J20: 1 | K20: 1 | L20: 1 | M20: 1 | O20: 1 | P20: 1 | Q20: 1 | T20: 1 | U20: 1 | V20: 1 | W20: 1 | X20: 1 | Y20: 1 | Z20: 1 | AA20: 1
B21: 18 | C21: 24101097 | D21: SHAKIL ANWAR SAYEM | E21: =IFERROR(VLOOKUP(C21, Info!C:I, 3, FALSE), "Gsuite Not Found") -> shakil.anwar.sayem@g.bracu.ac.bd | F21: 1 | G21: 1 | H21: 1 | I21: 1 | J21: 1 | K21: 1 | L21: 1 | M21: 1 | O21: 1 | P21: 1 | Q21: 1 | T21: 1 | U21: 1 | V21: 1 | W21: 1 | X21: 0 | Y21: 1 | Z21: 1 | AA21: 1
B22: 19 | C22: 24101098 | D22: AFRA ANJUM RAHMAN | E22: =IFERROR(VLOOKUP(C22, Info!C:I, 3, FALSE), "Gsuite Not Found") -> Afra.anjum.rahman@g.bracu.ac.bd | F22: 1 | G22: 1 | H22: 1 | I22: 1 | J22: 1 | K22: 1 | L22: 1 | M22: 1 | O22: 1 | P22: 1 | Q22: 0 | T22: 1 | U22: 1 | V22: 1 | W22: 1 | X22: 1 | Y22: 1 | Z22: 1 | AA22: 1
... B38: 35 | C38: 24101629 | D38: M.H. SAKLINE SHAFIQ | E38: =IFERROR(VLOOKUP(C38, Info!C:I, 3, FALSE), "Gsuite Not Found") -> mh.sakline.shafiq@g.bracu.ac.bd | F38: 1 | G38: 1 | H38: 1 | I38: 1 | J38: 1 | K38: 1 | L38: 1 | M38: 1 | O38: 1 | P38: 1 | Q38: 1 | T38: 0 | U38: 1 | V38: 1 | W38: 1 | X38: 1 | Y38: 1 | Z38: 1 | AA38: 1
B39: 36 | C39: 24101646 | D39: SAZID HASSAN ALVY | E39: =IFERROR(VLOOKUP(C39, Info!C:I, 3, FALSE), "Gsuite Not Found") -> sazid.hassan.alvy@g.bracu.ac.bd | F39: 1 | G39: 1 | H39: 1 | I39: 1 | J39: 0 | K39: 0 | L39: 1 | M39: 0 | O39: 0 | P39: 1 | Q39: 1 | R39: 1 | T39: 0 | U39: 0 | V39: 0 | W39: 0 | X39: 0 | Y39: 0 | Z39: 0 | AA39: 0
B40: 37 | C40: 24101675 | D40: NAFIS MASRUR ISLAM | E40: =IFERROR(VLOOKUP(C40, Info!C:I, 3, FALSE), "Gsuite Not Found") -> nafis.masrur.islam@g.bracu.ac.bd | F40: 1 | G40: 1 | H40: 1 | I40: 1 | J40: 1 | K40: 1 | L40: 1 | M40: 1 | O40: 0 | P40: 1 | Q40: 0 | T40: 1 | U40: 0 | V40: 1 | W40: 1 | X40: 0 | Y40: 0 | Z40: 0 | AA40: 1
B41: 38 | C41: 24141016 | D41: TASNIM RAMJAN | E41: =IFERROR(VLOOKUP(C41, Info!C:I, 3, FALSE), "Gsuite Not Found") -> tasnim.ramjan@g.bracu.ac.bd | F41: 1 | G41: 1 | H41: 1 | I41: 1 | J41: 1 | K41: 1 | L41: 1 | M41: 1 | O41: 1 | P41: 1 | Q41: 1 | T41: 1 | U41: 1 | V41: 1 | W41: 1 | X41: 0 | Y41: 1 | Z41: 1 | AA41: 1
D44: Total | F44: =COUNTIF(F5:F43,1) -> 37 | G44: =COUNTIF(G5:G43,1) -> 36 | H44: =COUNTIF(H5:H43,1) -> 37 | I44: =COUNTIF(I5:I43,1) -> 37 | J44: =COUNTIF(J5:J42,1) -> 34 | K44: =COUNTIF(K5:K42,1) -> 34 | L44: =COUNTIF(L5:L42,1) -> 37 | M44: =COUNTIF(M5:M42,1) -> 32 | N44: =COUNTIF(N5:N42,1) -> 0 | O44: =COUNTIF(O5:O42,1) -> 31 | P44: =COUNTIF(P5:P42,1) -> 31 | Q44: =COUNTIF(Q5:Q42,1) -> 31 | ... AA44: =COUNTIF(AA5:AA42,1) -> 28
B49: 2 | C49: 23101433 | D49: MORSHEDUR RAHMAN | E49: =IFERROR(VLOOKUP(C49, Info!C:I, 3, FALSE), "Gsuite Not Found") -> morshedur.rahman@g.bracu.ac.bd | F49: 1 | G49: 1 | H49: 1 | I49: 1 | J49: 0 | K49: 0 | L49: 0 | M49: 0 | O49: 0

Sheet Info
A1: Timestamp | B1: Email Address | C1: Student ID | D1: Full Name | E1: Gsuite Email (ends with @g.bracu.ac.bd) | F1: Your Hobby/Any skill that you are good at | G1: Hometown | H1: Why CSE/CS? | I1: Your expectation from CSE110 course?
A2: 45312.41 | B2: taskin.saadman@g.bracu.ac.bd | C2: 24101245 | D2: Taskin Saadman | E2: taskin.saadman@g.bracu.ac.bd | F2: Problem-solving | G2: B.baria | H2: " AI is the future " | I2: A cooperative learning atmosphere
A3: 45312.411 | B3: adil.ahanaf.shawcho@g.bracu.ac.bd | C3: 24101025 | D3: Md. Adil Ahanaf Shawcho | E3: adil.ahanaf.shawcho@g.bracu.ac.bd | F3: Rapping urdu songs writing poems and short stories | G3: Rajshahi | H3: Because of a higher chance of solving coding related problems | I3: Learning the basics of CSE
A4: 45312.411 | B4: shahariurdihan17@gmail.com | C4: 24101228 | D4: Mahir Shahariur | E4: mahir.shahariur@g.bracu.ac.bd | F4: Football | G4: Rangpur | H4: CSE | I4: I hope i’d be able to learn the fundamentals of coding
A5: 45312.411 | B5: sadman4341@gmail.com | C5: 24101229 | D5: Sadman Sakib | E5: Sadman.sakib19@g.bracu.ac.bd | F5: Photography and videography | G5: Mymensingh | I5: I would like to know more how computer science works so that I can use that to my advantage to make things and breakdown things. Knowing about computer science will help me deal with data and help structure the data better.
A6: 45312.411 | B6: kabstudy2023@gmail.com | C6: 24101043 | D6: MD Abu Noman Kabbo | E6: abu.noman.kabbo@g.bracu.ac.bd | F6: Cooking | G6: Sariatpur | H6: Always wanted to learn how it worked, so I can say it is a byproduct of curiosity. | I6: To help me in future endeavours.
A7: 45312.411 | B7: ratul.hasan.shuvo@g.bracu.ac.bd | C7: 23201594 | D7: Ratul Hasan Shuvo | E7: ratul.hasan.shuvo@g.bracu.ac.bd | F7: Gaming | G7: Satkhira | H7: Find interesting | I7: To Clarify the basic idea about CSE
A8: 45312.411 | B8: khondaker.sharjeel.islam@g.bracu.ac.bd | C8: 24101250 | D8: Khondaker Sharjeel Islam | E8: khondaker.sharjeel.islam@g.bracu.ac.bd | G8: Dhaka | H8: To be a software engineer. | I8: To learn programming languages such as Java and Python.
A9: 45312.411 | B9: afra.anjum.rahman@g.bracu.ac.bd | C9: 24101098 | D9: Afra Anjum Rahman | E9: Afra.anjum.rahman@g.bracu.ac.bd | F9: Baking, arts | H9: For my parents | I9: To learn about programming
A10: 45312.411 | B10: nusaibanusratzaman@gmail.com | C10: 24101022 | D10: Nusaiba Nusrat Zaman | E10: nusaiba.nusrat.zaman@g.bracu.ac.bd | F10: Craft, writing, poem reciting, extempore speech | G10: Chapai Nawabganj | H10: Because I wanted to learn about software development | I10: To learn software development and coding
A11: 45312.412 | B11: mehedihasan.roudrooo@gmail.com | C11: 24101226 | D11: Mehedi Hasan Rowdro | E11: mehedi.hasan.rowdro@g.bracu.ac.bd | F11: Music. I can play guitar. | G11: Tangail | I11: In the end of CSE110 I am hoping to get to know the basics about programming languages.
A12: 45312.412 | B12: safwan.islam1@g.bracu.ac.bd | C12: 24101511 | D12: Safwan Islam | E12: safwan.islam1@g.bracu.ac.bd | G12: Naogaon | H12: Because CSE has a vast field & will create huge opportunities | I12: A good foundation in Javascript & problem solving
A13: 45312.413 | B13: sazidbrac@gmail.com | C13: 24101646 | D13: Sazid Hassan Alvy | E13: sazid.hassan.alvy@g.bracu.ac.bd | F13: Music | G13: Madaripur | H13: I wanna go for remote jobs | I13: Knowing the basic form of cse and kickstart from here.
A14: 45312.413 | B14: najibah.galib.nudar@g.bracu.ac.bd | C14: 24101220 | D14: Najibah Galib Nudar | E14: najibah.galib.nudar@g.bracu.ac.bd | F14: Driving | G14: Chittagong | H14: I felt I had the potential of majoring this subject for my bachelors from the beginning. | I14: Learning something new everyday with the same excitement of day 01 till the end
A15: 45312.413 | B15: atiqueurrahmanbhuiyan63@gmail.com | C15: 24101096 | D15: Md. Atique-Ur-Rahman Bhuiyan | E15: atique.ur.rahman@g.bracu.ac.bd | F15: Playing Football I guess. | G15: Kishoreganj,Dhaka | H15: Because learning coding explores excitement and new challenges | I15: Myb we can cover the basics of JavaScript from it.
A16: 45312.414 | B16: shakil.anwar.sayem@g.bracu.ac.bd | C16: 24101097 | D16: SHAKIL ANWAR SAYEM | E16: shakil.anwar.sayem@g.bracu.ac.bd | F16: Reading books | G16: Natore | H16: Because I'm interested in Coding. | I16: Best.
A17: 45312.414 | B17: saadridwanurrahman@gmail.com | C17: 24101028 | D17: Ridwanur Rahman Saad | E17: ridwanur.rahman.saad@g.bracu.ac.bd | F17: Gaming | G17: Faridpur | H17: I like programming related stuff. | I17: Developing a stronger foundation for future learning.
A18: 45312.415 | B18: tasnimramjan95@gmail.com | C18: 24141016 | D18: Tasnim Ramjan | E18: tasnim.ramjan@g.bracu.ac.bd | G18: Savar | I18: to start learning the basic concepts of computer science
A19: 45312.415 | B19: zafrin.proma@gmail.com | C19: 24101053 | D19: Zafrin Zaman | E19: zafrin.zaman@g.bracu.ac.bd | G19: Khulna | H19: A CSE profession will allow me to learn new things constantly .As technology expands ,AI and Robotics become essential parts of our daily lives . | I19: My expectation from this course is the basic of programming
A20: 45312.416 | B20: tanhaahmed0000@gmail.com | C20: 24101048 | D20: Tanha Ahmed | E20: tanha.ahmed@g.bracu.ac.bd | F20: Sleeping | G20: Mymensingh | H20: Passion | I20: To understand the basics and to achieve skills
A21: 45312.416 | B21: faisalfahim90@gmail.com | C21: 21301748 | D21: FAISAL AHMED FAHIM | E21: faisal.ahmed.fahim@g.bracu.ac.bd | F21: My hobby is fixing things like computer, mobile and other electronic devices. I can design a website with WordPress platform. | G21: Dhaka | H21: I want to learn advance form of computing as well have the best opportunity to grow my skill. | I21: My expectations from CSE110 is to build up my basic knowledge about computer science.
A22: 45312.416 | B22: prarona456@gmail.com | C22: 24101045 | D22: Shabnoom Tayammum | E22: shabnoom.tayammum@g.bracu.ac.bd | G22: Brahmanbaria | H22: I want to be a software engineer that's why i choose CSE | I22: I think I'll get a clear idea and basics of cse(coding etc). CSE110 will help in further courses of CSE.
A23: 45312.416 | B23: saramymona@gmail.com | C23: 24101050 | D23: Maimona akter sara | E23: maimona.akter.sara@g.bracu.ac.bd | I23: It will make my skills better
A24: 45312.416 | B24: tasfiqul7703@gmail.com | C24: 24101020 | D24: Tasfiqul Islam | E24: tasfiqul.islam.tarif@g.bracu.ac.bd | F24: Facebook Ad Learning new things Stock market | G24: brahmanbaria | H24: I Want to establish/ Work with SAAS/Tech giant company Also I am highly interested in IT sector | I24: I expect to gain a good understanding of fundamental computer science concepts, improve my coding skills, and develop problem-solving abilities
A25: 45312.416 | B25: sadia.rahman.supty@g.bracu.ac.bd | C25: 24101042 | D25: Sadia Rahman Supty | E25: sadia.rahman.supty@g.bracu.ac.bd | F25: Graphic designing | G25: Faridpur | H25: I’m eager to know more about computer science and technology | I25: Maybe it can help me to improve my knowledge about computer science and technology.
A26: 45312.416 | B26: mhswapnil000@gmail.com | C26: 24101629 | D26: MH Sakline Shafiq | E26: mh.sakline.shafiq@g.bracu.ac.bd | F26: Cycling | G26: Jhinaidah | H26: Family requirement and everyone's suggestion | I26: I expect a beautiful start. It is the first course of cse, my impression towards cse will be determined by it.
A27: 45312.416 | B27: raisaghurtejabe@gmail.com | C27: 24101095 | D27: Sadia Ahmed Raisa | E27: sadia.ahmed.raisa@g.bracu.ac.bd | F27: Dancing & crafting | G27: Chandpur | H27: Because I want to build a compatible career for me from anywhere I want as I've plans to shift to overseas (to explore more) | I27: I guess at the very beginning we are going to have detailed knowledge about the terms of cse & it's sections Morely I may start newly learning the programming language.
A28: 45312.417 | B28: joykumer698@gmail.com | C28: 24101224 | D28: Joy Kumer Tarafder | E28: joy.kumer.tarafder@g.bracu.ac.bd | F28: Drawing | G28: Naogaon, Rajshahi | H28: I want to be an employee of google/ microsoft/ meta/ amazone | I28: Better skill and knowledge in computer science and engineering.
A29: 45312.417 | B29: homaira.zaman.roshni@g.bracu.ac.bd | C29: 24101249 | D29: Mst. Homaira Zaman Roshni | E29: homaira.zaman.roshni@g.bracu.ac.bd | F29: Graphic design | G29: Natore | H29: Computer science is my passion and i want to learn coding and programming languages. | I29: My expectation is to gain some knowledge about programming, data structures and computer systems.
A30: 45312.417 | B30: tadlinekabir@gmail.com | C30: 24101026 | D30: Tadline Kabir Arshi | E30: tadline.kabir@g.bracu.ac.bd | F30: Reading books | G30: Narsingdi | H30: CSE is rapidly growing field with high demands for skilled professionals. | I30: To learn about coding and programming
A31: 45312.418 | B31: arysha.zaman@g.bracu.ac.bd | C31: 24101242 | D31: Arysha Zaman | E31: arysha.zaman@g.bracu.ac.bd | F31: Hobby- Reading books to have a better grasp of different cultures around the world. | G31: Khulna | H31: The modern world is dependent on computers and their functions. I took CSE to make my process of navigating through the world easier and do something for the greater good. | I31: To learn the basics of programming and understand how algorithms work.
A32: 45312.418 | B32: shanjidaadhora22@gmail.com | C32: 24101384 | D32: Rifa Shanjida Adhora | E32: rifa.shanjida.adhora@g.bracu.ac.bd | F32: Dancing | G32: Gopalganj | H32: I love learning new things. And I always had a knack for computer and the things we could do with it. So what’s a better way to learn about it than getting into Cse | I32: I just want to learn about this world like I’ve wanted since I saw my brother doing code and making websites.
A33: 45312.42 | B33: mushfiq.shahariar@g.bracu.ac.bd | C33: 24101579 | D33: Mushfiq Shahariar | E33: mushfiq.shahariar@g.bracu.ac.bd | G33: Narayanganj | H33: Its always been my passion | I33: To learn the basics of coding
A34: 45312.42 | B34: fatimahmiazi@gmail.com | C34: 24101216 | D34: Fatimah Miazi | E34: fatimah.miazi@g.bracu.ac.bd | F34: Crafting | G34: Cumilla | I34: I hope I get to learn the basics from the scratch, my Parents did pressurize me But i grew interest in this subject gradually.
A35: 45312.421 | B35: fahimchowdhury129800@gmail.com | C35: 24101046 | D35: MD. FAISAL ISLAM CHOWDHURY | E35: faisal.islam.chowdhury@g.bracu.ac.bd | G35: BRAHMANBARIA | H35: I hope this major would be beneficial for my future InShaAllah | I35: I honestly expect this course to start from the basics by our instructor.. thank you..
A36: 45312.422 | B36: abidarshiyan@gmail.com | C36: 24101051 | D36: Md.Abid Hasan | E36: md.abid.hasan5@g.bracu.ac.bd | F36: Writing, singing | G36: Bagerhat | H36: I love coding and also have interest in mathematics. Also i want to be a data scientists. That's why cse is my priority | I36: To learn
A37: 45312.811 | B37: rahibkibriachoudhury@gmail.com | C37: 24101225 | D37: Rahib Kibria Choudhury | E37: rahib.kibria.choudhury@g.bracu.ac.bd | F37: Casual gaming | G37: Dhaka | H37: Love learning about computers and approaches to solving problems. Also mildly curious about robotics. | I37: Better exposure to the field of computer science compared to A levels and what's in store down the line.
A38: 45313.637 | B38: labibaafzal2019@gmail.com | C38: 24101408 | D38: Labiba Afzal | E38: labiba.afzal@g.bracu.ac.bd | F38: I think i am good at teaching. | G38: Dhaka | H38: Want to know more about programming language | I38: Math that are needed for CSE. Mostly statistics related math.
A39: 45313.676 | B39: morshedur.rahman@g.bracu.ac.bd | C39: 23101433 | D39: Morshedur Rahman | E39: morshedur.rahman@g.bracu.ac.bd | F39: Good at nothing | G39: Dhaka | H39: Has many scopes. | I39: Great start
A40: 45319.461 | B40: nafis.masrur.islam@g.bracu.ac.bd | C40: 24101675 | D40: NAFIS MASRUR ISLAM | E40: nafis.masrur.islam@g.bracu.ac.bd | F40: Gaming | G40: DHAKA | H40: I think I can do better in CSE. | I40: Making myself more skillful
